{"data": [0.32799158238102716, 0.38945914988653474, -0.7866406328321791, -0.4866223285211365, 0.4334822879530201, 0.5525846230547757, 0.03597857486330879, 0.11341103614600526, 0.27832347929211876, -0.08317842690487041, 0.2625165769412803, -0.2154550421493292, -0.06735957133083839, 0.6393016231576173, 1.0, 1.0, 1.0, 1.0, 1.0, 1.0, 1.0, 1.0, 1.0, 1.0, 1.0, 1.0, 1.0, 1.0, 1.0, 1.0, 1.0, 1.0, 1.0, 1.0, 1.0, 1.0, 1.0, 1.0, 1.0, 1.0, 1.0, 1.0, 1.0, 1.0, 1.0, 1.0, 1.0, 1.0, 1.0, 1.0, 1.0, 1.0, 1.0, 1.0, 1.0, 1.0, 1.0, 1.0, 1.0], "indices": [0, 1, 2, 3, 4, 5, 6, 7, 8, 9, 10, 11, 12, 13, 14, 17, 19, 21, 25, 28, 31, 34, 36, 38, 40, 42, 44, 47, 51, 54, 57, 61, 64, 67, 70, 73, 76, 79, 82, 85, 87, 89, 321, 823, 827, 830, 833, 841, 844, 847, 850, 851, 854, 858, 956, 992, 994, 998, 1001], "indptr": [0, 59], "shape": [1, 1002]}